<package>
  <description brief="basecontrol">

     basecontrol

  </description>
  <author>PC_Willem</author>
  <license>BSD</license>
  <review status="unreviewed" notes=""/>
  <url>http://ros.org/wiki/basecontrol</url>
  <depend package="roscpp"/>
  <depend package="std_msgs"/>
  <depend package="std_srvs"/>
  <depend package="sensor_msgs"/>
  <depend package="joy"/>
  <depend package="rospy"/>
  <depend package="move_base_msgs"/>
  <depend package="actionlib"/>
  <depend package="tf"/>
  <depend package="geometry_msgs"/>
  <depend package="people_msgs"/>
  <depend package="nav_msgs"/>
</package>


