<package>
  <description brief="Libraries and examples for ROSserial usage on Arduino/AVR Platforms"/>
  <author>Michael Ferguson, Adam Stambler</author>
  <license>BSD</license>
  <review status="unreviewed" notes=""/>
  <url>http://ros.org/wiki/rosserial_arduino</url>  

  <depend package="std_msgs"/>
  <depend package="sensor_msgs"/>
  <depend package="geometry_msgs"/>
  <depend package="nav_msgs"/>
  <depend package="rosserial_client"/>

  <rosdep name="gcc-avr"/>
  <rosdep name="avr-libc"/>
  
</package>


